sample_index,image_id,wf_minus_mean_margin_norm,wf_minus_mean_target_drop_raw,wf_minus_mean_target_drop_norm,wf_minus_mean_bbox_precision
0,6915,0.0,0.0,0.0,0.0
1,364,0.0,0.0,0.0,0.0
2,8846,0.0,0.0,0.0,0.0
3,4964,0.0,0.0,0.0,0.0
4,2631,0.0,0.0,0.0,0.0
5,4225,0.0,0.0,0.0,0.0
6,3701,0.0,0.0,0.0,0.0
7,6811,0.0,0.0,0.0,0.0
8,3217,0.0,0.0,0.0,0.0
9,2239,0.40166500210762024,0.08828791975975042,0.08979073166847229,-0.8571428656578064
10,8563,0.0,0.0,0.0,0.0
11,5844,0.0,0.0,0.0,0.0
12,4721,0.0,0.0,0.0,0.0
13,4243,0.0,0.0,0.0,0.0
14,2728,0.0,0.0,0.0,0.0
15,2062,0.0,0.0,0.0,0.0
16,6481,0.0,0.0,0.0,0.0
17,6771,0.0,0.0,0.0,0.0
18,8039,0.0,0.0,0.0,0.0
19,3893,0.0,0.0,0.0,0.0
20,7689,0.0,0.0,0.0,0.0
21,6984,0.0,0.0,0.0,0.0
22,9231,0.0,0.0,0.0,0.0
23,4650,0.0,0.0,0.0,0.0
24,7553,0.0,0.0,0.0,0.0
25,116,0.0,0.0,0.0,0.0
26,2856,0.0,0.0,0.0,0.0
27,5898,0.0,0.0,0.0,0.0
28,8126,0.0,0.0,0.0,0.0
29,2982,0.0,0.0,0.0,0.0
30,7044,0.0,0.0,0.0,0.0
31,9475,0.0,0.0,0.0,0.0
32,1513,0.0,0.0,0.0,0.0
33,8493,0.0,0.0,0.0,0.0
34,4561,0.0,0.0,0.0,0.0
35,1476,0.0,0.0,0.0,0.0
36,3617,0.0,0.0,0.0,0.0
37,9916,0.0,0.0,0.0,0.0
38,4491,0.0,0.0,0.0,0.0
39,1551,0.0,0.0,0.0,0.0
40,1376,0.0,0.0,0.0,0.0
41,9708,0.0,0.0,0.0,0.0
42,3479,0.0,0.0,0.0,0.0
43,7462,0.0,0.0,0.0,0.0
44,3494,0.0,0.0,0.0,0.0
45,8486,0.0,0.0,0.0,0.0
46,9960,0.0,0.0,0.0,0.0
47,4756,0.0,0.0,0.0,0.0
48,9152,0.0,0.0,0.0,0.0
49,8619,0.0,0.0,0.0,0.0
50,4042,0.0,0.0,0.0,0.0
51,5506,0.0,0.0,0.0,0.0
52,7453,0.0,0.0,0.0,0.0
53,1340,0.0,0.0,0.0,0.0
54,3075,0.0,0.0,0.0,0.0
55,9487,0.0,0.0,0.0,0.0
56,1157,0.0,0.0,0.0,0.0
57,314,0.0,0.0,0.0,0.0
58,6461,0.0,0.0,0.0,0.0
59,4101,0.0,0.0,0.0,0.0
60,1824,0.0,0.0,0.0,0.0
61,4426,0.0,0.0,0.0,0.0
62,1180,0.0,0.0,0.0,0.0
63,1095,0.0,0.0,0.0,0.0
64,9827,0.0,0.0,0.0,0.0
65,1055,0.0,0.0,0.0,0.0
66,3532,0.0,0.0,0.0,0.0
67,1826,0.0,0.0,0.0,0.0
68,5392,0.0,0.0,0.0,0.0
69,8579,0.0,0.0,0.0,0.0
70,2240,0.0,0.0,0.0,0.0
71,4937,0.0,0.0,0.0,0.0
72,10,0.0,0.0,0.0,0.0
73,6452,0.0,0.0,0.0,0.0
74,5119,0.0,0.0,0.0,0.0
75,7756,0.0,0.0,0.0,0.0
76,2813,0.0,0.0,0.0,0.0
77,687,0.0,0.0,0.0,0.0
78,8852,0.0,0.0,0.0,0.0
79,8566,0.0,0.0,0.0,0.0
80,4410,0.0,0.0,0.0,0.0
81,252,0.0,0.0,0.0,0.0
82,9690,0.0,0.0,0.0,0.0
83,9599,0.0,0.0,0.0,0.0
84,3755,0.0,0.0,0.0,0.0
85,2301,0.0,0.0,0.0,0.0
86,4378,0.0,0.0,0.0,0.0
87,2144,0.0,0.0,0.0,0.0
88,291,0.0,0.0,0.0,0.0
89,697,0.0,0.0,0.0,0.0
90,9486,0.0,0.0,0.0,0.0
91,8868,0.0,0.0,0.0,0.0
92,532,0.0,0.0,0.0,0.0
93,234,0.0,0.0,0.0,0.0
94,6432,0.0,0.0,0.0,0.0
95,6779,0.0,0.0,0.0,0.0
96,1975,0.0,0.0,0.0,0.0
97,4029,0.0,0.0,0.0,0.0
98,5936,0.0,0.0,0.0,0.0
99,6672,0.0,0.0,0.0,0.0
100,3304,0.0,0.0,0.0,0.0
101,5255,0.0,0.0,0.0,0.0
102,1133,0.0,0.0,0.0,0.0
103,7652,0.0,0.0,0.0,0.0
104,227,0.0,0.0,0.0,0.0
105,8238,0.0,0.0,0.0,0.0
106,7303,0.0,0.0,0.0,0.0
107,1363,0.0,0.0,0.0,0.0
108,5240,0.0,0.0,0.0,0.0
109,2597,0.0,0.0,0.0,0.0
110,2607,0.0,0.0,0.0,0.0
111,2626,0.0,0.0,0.0,0.0
112,630,0.0,0.0,0.0,0.0
113,7081,0.0,0.0,0.0,0.0
114,5727,0.0,0.0,0.0,0.0
115,6152,0.0,0.0,0.0,0.0
116,2031,0.0,0.0,0.0,0.0
117,6057,0.0,0.0,0.0,0.0
118,4144,0.0,0.0,0.0,0.0
119,7646,0.0,0.0,0.0,0.0
120,9118,0.0,0.0,0.0,0.0
121,8207,0.0,0.0,0.0,0.0
122,9023,0.0,0.0,0.0,0.0
123,9590,0.0,0.0,0.0,0.0
124,3517,0.0,0.0,0.0,0.0
125,8915,0.0,0.0,0.0,0.0
126,9014,0.0,0.0,0.0,0.0
127,3488,0.0,0.0,0.0,0.0
128,3049,0.0,0.0,0.0,0.0
129,4725,0.0,0.0,0.0,0.0
130,5959,0.0,0.0,0.0,0.0
131,1159,0.0,0.0,0.0,0.0
132,9662,0.0,0.0,0.0,0.0
133,7164,0.0,0.0,0.0,0.0
134,4210,0.0,0.0,0.0,0.0
135,8162,0.0,0.0,0.0,0.0
136,6453,0.0,0.0,0.0,0.0
137,7722,0.0,0.0,0.0,0.0
138,7181,0.0,0.0,0.0,0.0
139,8496,0.0,0.0,0.0,0.0
140,5809,0.0,0.0,0.0,0.0
141,9310,0.0,0.0,0.0,0.0
142,9930,0.0,0.0,0.0,0.0
143,8525,0.0,0.0,0.0,0.0
144,4476,0.0,0.0,0.0,0.0
145,5617,0.0,0.0,0.0,0.0
146,8648,0.0,0.0,0.0,0.0
147,3894,0.0,0.0,0.0,0.0
148,693,0.0,0.0,0.0,0.0
149,4084,0.0,0.0,0.0,0.0
150,3815,0.0,0.0,0.0,0.0
151,5251,0.0,0.0,0.0,0.0
152,7348,0.0,0.0,0.0,0.0
153,9124,0.0,0.0,0.0,0.0
154,8418,0.0,0.0,0.0,0.0
155,7752,0.11470100283622747,-0.04403442144393921,-0.04478397965431219,-0.1428571492433548
156,8785,0.0,0.0,0.0,0.0
157,5931,0.0,0.0,0.0,0.0
158,7828,0.0,0.0,0.0,0.0
159,727,0.0,0.0,0.0,0.0
160,2168,0.0,0.0,0.0,0.0
161,8034,0.0,0.0,0.0,0.0
162,538,0.0,0.0,0.0,0.0
163,8543,0.03322704136371621,-0.14482027292251592,-0.147163674235344,0.0
164,8152,0.0,0.0,0.0,0.0
165,8245,0.0,0.0,0.0,0.0
166,978,0.0,0.0,0.0,0.0
167,9804,0.0,0.0,0.0,0.0
168,7700,0.0,0.0,0.0,0.0
169,8400,0.0,0.0,0.0,0.0
170,7937,0.0,0.0,0.0,0.0
171,7573,0.0,0.0,0.0,0.0
172,2582,0.0,0.0,0.0,0.0
173,1169,0.0,0.0,0.0,0.0
174,6312,0.0,0.0,0.0,0.0
175,8264,0.0,0.0,0.0,0.0
176,85,0.0,0.0,0.0,0.0
177,6050,0.0,0.0,0.0,0.0
178,7967,0.0,0.0,0.0,0.0
179,5339,0.0,0.0,0.0,0.0
180,6795,0.0,0.0,0.0,0.0
181,1626,0.0,0.0,0.0,0.0
182,7423,0.0,0.0,0.0,0.0
183,8875,0.0,0.0,0.0,0.0
184,6608,0.0,0.0,0.0,0.0
185,6313,0.0,0.0,0.0,0.0
186,5180,0.0,0.0,0.0,0.0
187,2885,0.0,0.0,0.0,0.0
188,4342,0.0,0.0,0.0,0.0
189,4324,0.0,0.0,0.0,0.0
190,2137,0.0,0.0,0.0,0.0
191,6897,0.0,0.0,0.0,0.0
192,4925,0.0,0.0,0.0,0.0
193,649,0.0,0.0,0.0,0.0
194,5333,0.0,0.0,0.0,0.0
195,8864,0.2719928026199341,-0.3780634254217148,-0.3841810077428818,0.25
196,5777,0.0,0.0,0.0,0.0
197,2617,0.0,0.0,0.0,0.0
198,3221,0.0,0.0,0.0,0.0
199,819,0.0,0.0,0.0,0.0
200,8745,0.0,0.0,0.0,0.0
201,1646,0.0,0.0,0.0,0.0
202,6144,0.0,0.0,0.0,0.0
203,497,0.0,0.0,0.0,0.0
204,7625,0.0,0.0,0.0,0.0
205,5758,0.0,0.0,0.0,0.0
206,5721,0.0,0.0,0.0,0.0
207,6093,0.0,0.0,0.0,0.0
208,9683,0.0,0.0,0.0,0.0
209,8895,0.0,0.0,0.0,0.0
210,2389,0.0,0.0,0.0,0.0
211,7862,0.0,0.0,0.0,0.0
212,9854,0.0,0.0,0.0,0.0
213,3902,0.0,0.0,0.0,0.0
214,5546,0.0,0.0,0.0,0.0
215,634,0.0,0.0,0.0,0.0
216,7835,0.0,0.0,0.0,0.0
217,658,0.0,0.0,0.0,0.0
218,3222,0.0,0.0,0.0,0.0
219,6620,0.0,0.0,0.0,0.0
220,8167,0.0,0.0,0.0,0.0
221,3512,0.0,0.0,0.0,0.0
222,3794,0.0,0.0,0.0,0.0
223,7228,0.0,0.0,0.0,0.0
224,5412,0.0,0.0,0.0,0.0
225,5848,0.0,0.0,0.0,0.0
226,2602,0.0,0.0,0.0,0.0
227,3025,0.0,0.0,0.0,0.0
228,6581,0.0,0.0,0.0,0.0
229,7598,0.0,0.0,0.0,0.0
230,3123,0.0,0.0,0.0,0.0
231,8196,0.0,0.0,0.0,0.0
232,3884,0.0,0.0,0.0,0.0
233,9844,0.0,0.0,0.0,0.0
234,5491,0.0,0.0,0.0,0.0
235,1564,0.0,0.0,0.0,0.0
236,922,0.0,0.0,0.0,0.0
237,3251,0.0,0.0,0.0,0.0
238,8897,0.0,0.0,0.0,0.0
239,2408,0.0,0.0,0.0,0.0
240,277,0.0,0.0,0.0,0.0
241,9957,0.0,0.0,0.0,0.0
242,6435,0.0,0.0,0.0,0.0
243,3762,0.0,0.0,0.0,0.0
244,2081,0.0,0.0,0.0,0.0
245,8590,0.0,0.0,0.0,0.0
246,4781,0.0,0.0,0.0,0.0
247,1419,0.0,0.0,0.0,0.0
248,8128,0.0,0.0,0.0,0.0
249,7341,0.0,0.0,0.0,0.0
250,6145,0.34259611368179327,0.0469077862799167,0.04770624637603759,1.0
251,5125,0.0,0.0,0.0,0.0
252,9361,0.0,0.0,0.0,0.0
253,5767,0.0,0.0,0.0,0.0
254,2532,0.0,0.0,0.0,0.0
255,151,0.0,0.0,0.0,0.0
256,5754,0.0,0.0,0.0,0.0
257,7195,0.0,0.0,0.0,0.0
258,7179,0.0,0.0,0.0,0.0
259,2692,0.0,0.0,0.0,0.0
260,2429,0.0,0.0,0.0,0.0
261,4666,0.0,0.0,0.0,0.0
262,2235,0.0,0.0,0.0,0.0
263,9744,0.0,0.0,0.0,0.0
264,1508,0.0,0.0,0.0,0.0
265,7989,0.0,0.0,0.0,0.0
266,8147,0.0,0.0,0.0,0.0
267,8516,0.0,0.0,0.0,0.0
268,2673,0.0,0.0,0.0,0.0
269,7903,0.0,0.0,0.0,0.0
270,2072,0.408681258559227,-0.0308911204338074,-0.03125083446502688,0.09090906381607056
271,7335,0.0,0.0,0.0,0.0
272,9171,0.0,0.0,0.0,0.0
273,1302,0.0,0.0,0.0,0.0
274,1916,0.0,0.0,0.0,0.0
275,5570,0.0,0.0,0.0,0.0
276,6745,0.7349635362625123,0.18956195563077932,0.1923585161566734,0.800000011920929
277,1267,0.0,0.0,0.0,0.0
278,1883,0.0,0.0,0.0,0.0
279,3736,0.0,0.0,0.0,0.0
280,4456,0.0,0.0,0.0,0.0
281,3723,0.0,0.0,0.0,0.0
282,8788,0.0,0.0,0.0,0.0
283,8077,0.0,0.0,0.0,0.0
284,4738,0.0,0.0,0.0,0.0
285,5724,0.0,0.0,0.0,0.0
286,7651,0.0,0.0,0.0,0.0
287,8954,0.0,0.0,0.0,0.0
288,2731,0.0,0.0,0.0,0.0
289,567,0.0,0.0,0.0,0.0
290,1585,0.0,0.0,0.0,0.0
291,5272,0.0,0.0,0.0,0.0
292,3851,0.0,0.0,0.0,0.0
293,2792,0.0,0.0,0.0,0.0
294,529,0.0,0.0,0.0,0.0
295,1540,0.0,0.0,0.0,0.0
296,9328,0.0,0.0,0.0,0.0
297,1905,0.0,0.0,0.0,0.0
298,570,0.0,0.0,0.0,0.0
299,3322,0.0,0.0,0.0,0.0
300,3012,0.0,0.0,0.0,0.0
301,8708,0.0,0.0,0.0,0.0
302,414,0.0,0.0,0.0,0.0
303,247,0.15618884563446045,0.0264036413282156,0.026853081770241302,0.1428571492433548
304,3922,0.0,0.0,0.0,0.0
305,8945,0.0,0.0,0.0,0.0
306,5849,0.0,0.0,0.0,0.0
307,8689,0.0,0.0,0.0,0.0
308,9787,0.0,0.0,0.0,0.0
309,718,0.0,0.0,0.0,0.0
310,1856,0.0,0.0,0.0,0.0
311,5095,0.0,0.0,0.0,0.0
312,8045,0.0,0.0,0.0,0.0
313,3928,0.0,0.0,0.0,0.0
314,4072,0.0,0.0,0.0,0.0
315,7623,0.0,0.0,0.0,0.0
316,6816,0.0,0.0,0.0,0.0
317,9677,0.0,0.0,0.0,0.0
318,1502,0.0,0.0,0.0,0.0
319,3399,0.0,0.0,0.0,0.0
320,2650,0.0,0.0,0.0,0.0
321,467,0.0,0.0,0.0,0.0
322,6002,0.0,0.0,0.0,0.0
323,6068,0.0,0.0,0.0,0.0
324,2573,0.0,0.0,0.0,0.0
325,5087,0.0,0.0,0.0,0.0
326,6796,0.0,0.0,0.0,0.0
327,8869,0.0,0.0,0.0,0.0
328,5882,0.0,0.0,0.0,0.0
329,7367,0.0,0.0,0.0,0.0
330,7725,0.0,0.0,0.0,0.0
331,397,0.0,0.0,0.0,0.0
332,3910,0.0,0.0,0.0,0.0
333,6591,0.0,0.0,0.0,0.0
334,2773,0.0,0.0,0.0,0.0
335,1794,0.0,0.0,0.0,0.0
336,9435,0.0,0.0,0.0,0.0
337,25,0.0,0.0,0.0,0.0
338,1105,0.0,0.0,0.0,0.0
339,956,0.0,0.0,0.0,0.0
340,299,0.0,0.0,0.0,0.0
341,6287,0.0,0.0,0.0,0.0
342,5774,0.0,0.0,0.0,0.0
343,3501,0.0,0.0,0.0,0.0
344,7382,0.0,0.0,0.0,0.0
345,2614,0.0,0.0,0.0,0.0
346,9689,0.0,0.0,0.0,0.0
347,3590,0.0,0.0,0.0,0.0
348,3418,0.0,0.0,0.0,0.0
349,1781,0.0,0.0,0.0,0.0
350,825,0.0,0.0,0.0,0.0
351,9592,0.0,0.0,0.0,0.0
352,4177,0.0,0.0,0.0,0.0
353,144,0.0,0.0,0.0,0.0
354,6237,0.0,0.0,0.0,0.0
355,1549,0.0,0.0,0.0,0.0
356,2823,0.0,0.0,0.0,0.0
357,9320,0.0,0.0,0.0,0.0
358,5276,0.0,0.0,0.0,0.0
359,1757,0.0,0.0,0.0,0.0
360,2416,0.0,0.0,0.0,0.0
361,2245,0.0,0.0,0.0,0.0
362,6405,0.0,0.0,0.0,0.0
363,434,0.0,0.0,0.0,0.0
364,2740,0.0,0.0,0.0,0.0
365,7338,0.0,0.0,0.0,0.0
366,5558,0.0,0.0,0.0,0.0
367,719,0.0,0.0,0.0,0.0
368,9563,0.0,0.0,0.0,0.0
369,2654,0.0,0.0,0.0,0.0
370,8380,0.0,0.0,0.0,0.0
371,3733,0.0,0.0,0.0,0.0
372,1850,0.0,0.0,0.0,0.0
373,6288,0.0,0.0,0.0,0.0
374,4712,0.0,0.0,0.0,0.0
375,1696,0.0,0.0,0.0,0.0
376,4704,0.0,0.0,0.0,0.0
377,9046,0.0,0.0,0.0,0.0
378,6561,0.0,0.0,0.0,0.0
379,8114,0.0,0.0,0.0,0.0
380,4717,0.0,0.0,0.0,0.0
381,6014,0.0,0.0,0.0,0.0
382,8027,0.0,0.0,0.0,0.0
383,517,0.0,0.0,0.0,0.0
384,9651,0.0,0.0,0.0,0.0
385,3955,0.0,0.0,0.0,0.0
386,4763,0.0,0.0,0.0,0.0
387,3141,0.0,0.0,0.0,0.0
388,9397,0.0,0.0,0.0,0.0
389,5937,0.0,0.0,0.0,0.0
390,2905,0.0,0.0,0.0,0.0
391,8824,0.0,0.0,0.0,0.0
392,2712,0.0,0.0,0.0,0.0
393,1949,0.0,0.0,0.0,0.0
394,166,0.0,0.0,0.0,0.0
395,4268,0.0,0.0,0.0,0.0
396,6951,0.0,0.0,0.0,0.0
397,5296,0.0,0.0,0.0,0.0
398,4804,0.0,0.0,0.0,0.0
399,6875,0.0,0.0,0.0,0.0
400,9387,0.0,0.0,0.0,0.0
401,1297,0.0,0.0,0.0,0.0
402,5002,0.0,0.0,0.0,0.0
403,4357,0.0,0.0,0.0,0.0
404,6010,0.0,0.0,0.0,0.0
405,8255,0.0,0.0,0.0,0.0
406,7620,0.0,0.0,0.0,0.0
407,5025,0.0,0.0,0.0,0.0
408,7589,0.0,0.0,0.0,0.0
409,9115,0.0,0.0,0.0,0.0
410,7170,0.0,0.0,0.0,0.0
411,2624,0.0,0.0,0.0,0.0
412,178,0.0,0.0,0.0,0.0
413,2065,0.0,0.0,0.0,0.0
414,8907,0.0,0.0,0.0,0.0
415,5035,0.0,0.0,0.0,0.0
416,8215,0.0,0.0,0.0,0.0
417,6094,0.0,0.0,0.0,0.0
418,6469,0.0,0.0,0.0,0.0
419,5816,0.0,0.0,0.0,0.0
420,1974,0.0,0.0,0.0,0.0
421,7333,0.0,0.0,0.0,0.0
422,3584,0.0,0.0,0.0,0.0
423,4492,0.0,0.0,0.0,0.0
424,1353,0.0,0.0,0.0,0.0
425,3289,0.0,0.0,0.0,0.0
426,4887,0.0,0.0,0.0,0.0
427,5505,0.0,0.0,0.0,0.0
428,9657,0.0,0.0,0.0,0.0
429,7032,0.0,0.0,0.0,0.0
430,223,0.0,0.0,0.0,0.0
431,6083,0.0,0.0,0.0,0.0
432,6936,0.0,0.0,0.0,0.0
433,4154,0.0,0.0,0.0,0.0
434,662,0.0,0.0,0.0,0.0
435,185,0.0,0.0,0.0,0.0
436,2449,0.0,0.0,0.0,0.0
437,7127,0.0,0.0,0.0,0.0
438,6669,0.0,0.0,0.0,0.0
439,7332,0.0,0.0,0.0,0.0
440,6574,0.0,0.0,0.0,0.0
441,202,0.0,0.0,0.0,0.0
442,7634,0.0,0.0,0.0,0.0
443,4862,0.0,0.0,0.0,0.0
444,4162,0.0,0.0,0.0,0.0
445,4661,0.0,0.0,0.0,0.0
446,9643,0.0,0.0,0.0,0.0
447,9635,0.0,0.0,0.0,0.0
448,621,0.0,0.0,0.0,0.0
449,4881,0.0,0.0,0.0,0.0
450,1469,0.0,0.0,0.0,0.0
451,9240,0.0,0.0,0.0,0.0
452,2365,0.0,0.0,0.0,0.0
453,7778,0.0,0.0,0.0,0.0
454,111,0.0,0.0,0.0,0.0
455,7961,0.0,0.0,0.0,0.0
456,2904,0.0,0.0,0.0,0.0
457,7360,0.0,0.0,0.0,0.0
458,5354,0.0,0.0,0.0,0.0
459,4971,0.0,0.0,0.0,0.0
460,6941,0.0,0.0,0.0,0.0
461,6817,0.0,0.0,0.0,0.0
462,9311,0.0,0.0,0.0,0.0
463,9101,0.0,0.0,0.0,0.0
464,1625,0.0,0.0,0.0,0.0
465,9556,0.0,0.0,0.0,0.0
466,5703,0.0,0.0,0.0,0.0
467,7596,0.0,0.0,0.0,0.0
468,5074,0.0,0.0,0.0,0.0
469,1354,0.0,0.0,0.0,0.0
470,5737,0.0,0.0,0.0,0.0
471,1606,0.0,0.0,0.0,0.0
472,8080,0.0,0.0,0.0,0.0
473,4183,0.0,0.0,0.0,0.0
474,9314,0.0,0.0,0.0,0.0
475,6082,0.0,0.0,0.0,0.0
476,723,0.0,0.0,0.0,0.0
477,6895,0.0,0.0,0.0,0.0
478,8700,0.0,0.0,0.0,0.0
479,3384,0.0,0.0,0.0,0.0
480,3720,0.0,0.0,0.0,0.0
481,2927,0.0,0.0,0.0,0.0
482,8548,0.0,0.0,0.0,0.0
483,8795,0.0,0.0,0.0,0.0
484,3084,0.0,0.0,0.0,0.0
485,3234,0.0,0.0,0.0,0.0
486,1219,0.0,0.0,0.0,0.0
487,8099,0.0,0.0,0.0,0.0
488,1370,0.0,0.0,0.0,0.0
489,1342,0.0,0.0,0.0,0.0
490,6032,0.0,0.0,0.0,0.0
491,9840,0.0,0.0,0.0,0.0
492,8641,0.0,0.0,0.0,0.0
493,8183,0.0,0.0,0.0,0.0
494,4081,0.0,0.0,0.0,0.0
495,2562,0.0,0.0,0.0,0.0
496,4478,0.0,0.0,0.0,0.0
497,5193,0.0,0.0,0.0,0.0
498,4904,0.0,0.0,0.0,0.0
499,4119,0.0,0.0,0.0,0.0
500,8431,0.0,0.0,0.0,0.0
501,8916,0.0,0.0,0.0,0.0
502,2719,0.0,0.0,0.0,0.0
503,2418,0.0,0.0,0.0,0.0
504,546,0.0,0.0,0.0,0.0
505,9228,0.0,0.0,0.0,0.0
506,704,0.0,0.0,0.0,0.0
507,168,0.0,0.0,0.0,0.0
508,2575,0.0,0.0,0.0,0.0
509,4355,0.0,0.0,0.0,0.0
510,8673,0.0,0.0,0.0,0.0
511,7067,0.0,0.0,0.0,0.0
512,4166,0.0,0.0,0.0,0.0
513,4094,0.0,0.0,0.0,0.0
514,3160,0.0,0.0,0.0,0.0
515,9871,0.0,0.0,0.0,0.0
516,5733,0.0,0.0,0.0,0.0
517,8176,0.0,0.0,0.0,0.0
518,8957,0.0,0.0,0.0,0.0
519,2830,0.0,0.0,0.0,0.0
520,7206,0.0,0.0,0.0,0.0
521,4740,0.0,0.0,0.0,0.0
522,8234,0.0,0.0,0.0,0.0
523,5939,0.0,0.0,0.0,0.0
524,9962,0.0,0.0,0.0,0.0
525,870,0.0,0.0,0.0,0.0
526,6514,0.0,0.0,0.0,0.0
527,6487,0.0,0.0,0.0,0.0
528,1601,0.0,0.0,0.0,0.0
529,3542,0.3666496574878693,0.2597119901329279,0.2635639486834407,-0.7142857313156128
530,8046,0.22672614455223092,-0.04373797029256821,-0.044482477009296396,0.0
531,4222,0.0,0.0,0.0,0.0
532,8844,0.0,0.0,0.0,0.0
533,2945,0.0,0.0,0.0,0.0
534,5092,0.0,0.0,0.0,0.0
535,4930,0.0,0.0,0.0,0.0
536,7785,0.0,0.0,0.0,0.0
537,6954,0.0,0.0,0.0,0.0
538,8578,0.0,0.0,0.0,0.0
539,136,0.0,0.0,0.0,0.0
540,3527,0.0,0.0,0.0,0.0
541,940,0.0,0.0,0.0,0.0
542,1656,0.0,0.0,0.0,0.0
543,1542,0.0,0.0,0.0,0.0
544,8074,0.0,0.0,0.0,0.0
545,2789,0.0,0.0,0.0,0.0
546,8059,0.0,0.0,0.0,0.0
547,6629,0.0,0.0,0.0,0.0
548,2552,0.0,0.0,0.0,0.0
549,2161,0.0,0.0,0.0,0.0
550,6308,0.0,0.0,0.0,0.0
551,1435,0.0,0.0,0.0,0.0
552,6193,0.23584780097007751,0.2630331888794899,0.2669372521340847,-0.5
553,4218,0.0,0.0,0.0,0.0
554,606,0.0,0.0,0.0,0.0
555,6504,0.0,0.0,0.0,0.0
556,9216,0.0,0.0,0.0,0.0
557,4580,0.0,0.0,0.0,0.0
558,2788,0.0,0.0,0.0,0.0
559,7126,0.0,0.0,0.0,0.0
560,445,0.0,0.0,0.0,0.0
561,5005,0.0,0.0,0.0,0.0
562,7315,0.0,0.0,0.0,0.0
563,642,0.0,0.0,0.0,0.0
564,5377,0.0,0.0,0.0,0.0
565,7665,0.0,0.0,0.0,0.0
566,9673,0.0,0.0,0.0,0.0
567,616,0.0,0.0,0.0,0.0
568,7019,0.0,0.0,0.0,0.0
569,8780,0.0,0.0,0.0,0.0
570,8528,0.0,0.0,0.0,0.0
571,3323,0.0,0.0,0.0,0.0
572,1851,0.0,0.0,0.0,0.0
573,9102,0.0,0.0,0.0,0.0
574,3633,0.0,0.0,0.0,0.0
575,913,0.0,0.0,0.0,0.0
576,3942,0.0,0.0,0.0,0.0
577,1921,0.0,0.0,0.0,0.0
578,3544,0.0,0.0,0.0,0.0
579,734,0.0,0.0,0.0,0.0
580,2974,0.0,0.0,0.0,0.0
581,4104,0.0,0.0,0.0,0.0
582,4482,0.0,0.0,0.0,0.0
583,4447,0.0,0.0,0.0,0.0
584,974,0.0,0.0,0.0,0.0
585,6399,0.0,0.0,0.0,0.0
586,475,0.0,0.0,0.0,0.0
587,9741,0.0,0.0,0.0,0.0
588,5359,0.0,0.0,0.0,0.0
589,5553,0.0,0.0,0.0,0.0
590,3746,0.0,0.0,0.0,0.0
591,6401,0.0,0.0,0.0,0.0
592,8697,0.0,0.0,0.0,0.0
593,2793,0.0,0.0,0.0,0.0
594,5456,0.0,0.0,0.0,0.0
595,2777,0.0,0.0,0.0,0.0
596,8531,0.0,0.0,0.0,0.0
597,1600,0.0,0.0,0.0,0.0
598,4749,0.0,0.0,0.0,0.0
599,8544,0.0,0.0,0.0,0.0
600,8946,0.0,0.0,0.0,0.0
601,3795,0.0,0.0,0.0,0.0
602,1805,0.0,0.0,0.0,0.0
603,6742,0.0,0.0,0.0,0.0
604,5100,0.0,0.0,0.0,0.0
605,5225,0.0,0.0,0.0,0.0
606,8399,0.0,0.0,0.0,0.0
607,8347,0.0,0.0,0.0,0.0
608,3952,0.0,0.0,0.0,0.0
609,7252,0.0,0.0,0.0,0.0
610,3825,0.0,0.0,0.0,0.0
611,3193,0.0,0.0,0.0,0.0
612,6505,0.0,0.0,0.0,0.0
613,1779,0.0,0.0,0.0,0.0
614,6713,0.0,0.0,0.0,0.0
615,2587,0.0,0.0,0.0,0.0
616,6633,0.0,0.0,0.0,0.0
617,378,0.0,0.0,0.0,0.0
618,5944,0.0,0.0,0.0,0.0
619,3934,0.0,0.0,0.0,0.0
620,7371,0.0,0.0,0.0,0.0
621,9332,0.0,0.0,0.0,0.0
622,8113,0.0,0.0,0.0,0.0
623,4109,0.0,0.0,0.0,0.0
624,8041,0.0,0.0,0.0,0.0
625,6451,0.0,0.0,0.0,0.0
626,5994,0.0,0.0,0.0,0.0
627,7034,0.0,0.0,0.0,0.0
628,4791,0.0,0.0,0.0,0.0
629,4667,0.0,0.0,0.0,0.0
630,6571,0.0,0.0,0.0,0.0
631,607,0.0,0.0,0.0,0.0
632,8239,0.0,0.0,0.0,0.0
633,5218,0.0,0.0,0.0,0.0
634,3278,0.0,0.0,0.0,0.0
635,4959,0.0,0.0,0.0,0.0
636,1437,0.0,0.0,0.0,0.0
637,283,0.0,0.0,0.0,0.0
638,4665,0.0,0.0,0.0,0.0
639,7012,0.0,0.0,0.0,0.0
640,2252,0.4911517798900605,-0.3177095800638199,-0.3231175839900971,-0.25
641,4811,0.0,0.0,0.0,0.0
642,9511,0.0,0.0,0.0,0.0
643,1735,0.0,0.0,0.0,0.0
644,9380,0.0,0.0,0.0,0.0
645,3867,0.0,0.0,0.0,0.0
646,6567,0.0,0.0,0.0,0.0
647,2748,0.0,0.0,0.0,0.0
648,8666,0.0,0.0,0.0,0.0
649,5677,0.0,0.0,0.0,0.0
650,271,0.0,0.0,0.0,0.0
651,4179,0.0,0.0,0.0,0.0
652,9201,0.0,0.0,0.0,0.0
653,883,0.0,0.0,0.0,0.0
654,7766,0.0,0.0,0.0,0.0
655,4319,0.0,0.0,0.0,0.0
656,7532,0.0,0.0,0.0,0.0
657,155,0.0,0.0,0.0,0.0
658,9521,0.0,0.0,0.0,0.0
659,9722,0.0,0.0,0.0,0.0
660,14,0.0,0.0,0.0,0.0
661,4932,0.0,0.0,0.0,0.0
662,2133,0.0,0.0,0.0,0.0
663,4731,0.0,0.0,0.0,0.0
664,6113,0.0,0.0,0.0,0.0
665,2242,0.0,0.0,0.0,0.0
666,1238,0.0,0.0,0.0,0.0
667,8922,0.0,0.0,0.0,0.0
668,2119,0.0,0.0,0.0,0.0
669,2951,0.0,0.0,0.0,0.0
670,7137,0.0,0.0,0.0,0.0
671,3810,0.0,0.0,0.0,0.0
672,4006,0.0,0.0,0.0,0.0
673,9204,0.0,0.0,0.0,0.0
674,2402,0.0,0.0,0.0,0.0
675,3016,0.0,0.0,0.0,0.0
676,9525,0.0,0.0,0.0,0.0
677,5638,0.0,0.0,0.0,0.0
678,8205,0.0,0.0,0.0,0.0
679,5763,0.0,0.0,0.0,0.0
680,6982,0.0,0.0,0.0,0.0
681,4412,0.0,0.0,0.0,0.0
682,562,0.0,0.0,0.0,0.0
683,1891,0.0,0.0,0.0,0.0
684,2743,0.0,0.0,0.0,0.0
685,3944,0.0,0.0,0.0,0.0
686,1914,0.0,0.0,0.0,0.0
687,6798,0.0,0.0,0.0,0.0
688,6273,0.0,0.0,0.0,0.0
689,447,0.0,0.0,0.0,0.0
690,4309,0.0,0.0,0.0,0.0
691,2806,0.0,0.0,0.0,0.0
692,798,0.0,0.0,0.0,0.0
693,5375,0.0,0.0,0.0,0.0
694,2223,0.0,0.0,0.0,0.0
695,2283,0.0,0.0,0.0,0.0
696,8882,0.0,0.0,0.0,0.0
697,3819,0.0,0.0,0.0,0.0
698,4417,0.0,0.0,0.0,0.0
699,5709,0.0,0.0,0.0,0.0
700,137,0.0,0.0,0.0,0.0
701,1099,0.0,0.0,0.0,0.0
702,2964,0.0,0.0,0.0,0.0
703,2538,0.0,0.0,0.0,0.0
704,8751,0.0,0.0,0.0,0.0
705,2604,0.0,0.0,0.0,0.0
706,9028,0.0,0.0,0.0,0.0
707,1720,0.0,0.0,0.0,0.0
708,8761,0.0,0.0,0.0,0.0
709,7393,0.0,0.0,0.0,0.0
710,7739,0.0,0.0,0.0,0.0
711,7882,0.0,0.0,0.0,0.0
712,4573,0.0,0.0,0.0,0.0
713,587,0.0,0.0,0.0,0.0
714,7509,0.0,0.0,0.0,0.0
715,3434,0.0,0.0,0.0,0.0
716,3041,0.0,0.0,0.0,0.0
717,858,0.0,0.0,0.0,0.0
718,1075,0.0,0.0,0.0,0.0
719,9663,0.0,0.0,0.0,0.0
720,9263,0.0,0.0,0.0,0.0
721,9008,0.0,0.0,0.0,0.0
722,9013,0.0,0.0,0.0,0.0
723,3569,0.0,0.0,0.0,0.0
724,3276,0.0,0.0,0.0,0.0
725,3601,0.0,0.0,0.0,0.0
726,2121,0.0,0.0,0.0,0.0
727,3978,0.0,0.0,0.0,0.0
728,2955,0.0,0.0,0.0,0.0
729,5287,0.0,0.0,0.0,0.0
730,1228,0.0,0.0,0.0,0.0
731,7929,0.0,0.0,0.0,0.0
732,4180,0.0,0.0,0.0,0.0
733,652,0.00716787576675415,-0.16924124956130981,-0.172122061252594,0.0
734,3249,0.0,0.0,0.0,0.0
735,7747,0.0,0.0,0.0,0.0
736,7347,0.0,0.0,0.0,0.0
737,1155,0.0,0.0,0.0,0.0
738,9782,0.0,0.0,0.0,0.0
739,7339,0.0,0.0,0.0,0.0
740,1516,0.0,0.0,0.0,0.0
741,9928,0.0,0.0,0.0,0.0
742,9631,0.0,0.0,0.0,0.0
743,6431,0.0,0.0,0.0,0.0
744,4305,0.0,0.0,0.0,0.0
745,507,0.0,0.0,0.0,0.0
746,8407,0.0,0.0,0.0,0.0
747,4294,0.0,0.0,0.0,0.0
748,641,0.0,0.0,0.0,0.0
749,6317,0.0,0.0,0.0,0.0
750,7051,0.0,0.0,0.0,0.0
751,6686,0.0,0.0,0.0,0.0
752,9376,0.0,0.0,0.0,0.0
753,5232,0.0,0.0,0.0,0.0
754,510,0.0,0.0,0.0,0.0
755,4449,0.0,0.0,0.0,0.0
756,1728,0.0,0.0,0.0,0.0
757,1715,0.0,0.0,0.0,0.0
758,1811,0.0,0.0,0.0,0.0
759,3328,0.0,0.0,0.0,0.0
760,5722,0.0,0.0,0.0,0.0
761,4098,0.0,0.0,0.0,0.0
762,1167,0.0,0.0,0.0,0.0
763,9134,0.0,0.0,0.0,0.0
764,1086,0.0,0.0,0.0,0.0
765,7500,0.0,0.0,0.0,0.0
766,1998,0.0,0.0,0.0,0.0
767,2111,0.0,0.0,0.0,0.0
768,217,0.0,0.0,0.0,0.0
769,2888,0.0,0.0,0.0,0.0
770,1823,0.0,0.0,0.0,0.0
771,9010,0.0,0.0,0.0,0.0
772,9143,0.0,0.0,0.0,0.0
773,4629,0.0,0.0,0.0,0.0
774,8192,0.0,0.0,0.0,0.0
775,7028,0.0,0.0,0.0,0.0
776,205,0.0,0.0,0.0,0.0
777,3232,0.0,0.0,0.0,0.0
778,1134,0.0,0.0,0.0,0.0
779,8104,0.0,0.0,0.0,0.0
780,2768,0.0,0.0,0.0,0.0
781,504,0.0,0.0,0.0,0.0
782,7178,0.0,0.0,0.0,0.0
783,4249,0.0,0.0,0.0,0.0
784,1039,0.0,0.0,0.0,0.0
785,9606,0.0,0.0,0.0,0.0
786,2874,0.0,0.0,0.0,0.0
787,1619,0.0,0.0,0.0,0.0
788,9237,0.0,0.0,0.0,0.0
789,924,0.0,0.0,0.0,0.0
790,7321,0.0,0.0,0.0,0.0
791,6361,0.0,0.0,0.0,0.0
792,2703,0.0,0.0,0.0,0.0
793,1620,0.0,0.0,0.0,0.0
794,3220,0.0,0.0,0.0,0.0
795,839,0.0,0.0,0.0,0.0
796,6060,0.0,0.0,0.0,0.0
797,6274,0.0,0.0,0.0,0.0
798,2159,0.0,0.0,0.0,0.0
799,1992,0.0,0.0,0.0,0.0
800,1307,0.0,0.0,0.0,0.0
801,7176,0.0,0.0,0.0,0.0
802,4422,0.0,0.0,0.0,0.0
803,4245,0.0,0.0,0.0,0.0
804,743,0.0,0.0,0.0,0.0
805,38,0.0,0.0,0.0,0.0
806,9895,0.0,0.0,0.0,0.0
807,2511,0.0,0.0,0.0,0.0
808,1256,0.0,0.0,0.0,0.0
809,536,0.0,0.0,0.0,0.0
810,9674,0.0,0.0,0.0,0.0
811,6056,0.0,0.0,0.0,0.0
812,3670,0.0,0.0,0.0,0.0
813,5250,0.0,0.0,0.0,0.0
814,5943,0.0,0.0,0.0,0.0
815,6334,0.0,0.0,0.0,0.0
816,6407,0.0,0.0,0.0,0.0
817,4068,0.0,0.0,0.0,0.0
818,5140,0.0,0.0,0.0,0.0
819,942,0.0,0.0,0.0,0.0
820,9696,0.0,0.0,0.0,0.0
821,9660,0.0,0.0,0.0,0.0
822,3643,0.0,0.0,0.0,0.0
823,258,0.0,0.0,0.0,0.0
824,6307,0.0,0.0,0.0,0.0
825,90,0.0,0.0,0.0,0.0
826,8603,0.0,0.0,0.0,0.0
827,7945,0.0,0.0,0.0,0.0
828,7913,0.0,0.0,0.0,0.0
829,3734,0.0,0.0,0.0,0.0
830,4393,0.0,0.0,0.0,0.0
831,456,0.0,0.0,0.0,0.0
832,9806,0.0,0.0,0.0,0.0
833,181,0.0,0.0,0.0,0.0
834,5925,0.0,0.0,0.0,0.0
835,5597,-0.08158318698406221,0.039546459913253784,0.040094226598739624,0.0
836,1769,0.0,0.0,0.0,0.0
837,9850,0.0,0.0,0.0,0.0
838,2756,0.0,0.0,0.0,0.0
839,3976,0.0,0.0,0.0,0.0
840,6081,0.0,0.0,0.0,0.0
841,6826,0.0,0.0,0.0,0.0
842,280,0.0,0.0,0.0,0.0
843,3553,0.0,0.0,0.0,0.0
844,8325,0.0,0.0,0.0,0.0
845,1534,0.0,0.0,0.0,0.0
846,8219,0.0,0.0,0.0,0.0
847,5316,0.0,0.0,0.0,0.0
848,4173,0.0,0.0,0.0,0.0
849,9798,0.0,0.0,0.0,0.0
850,2909,0.0,0.0,0.0,0.0
851,8314,0.0,0.0,0.0,0.0
852,1080,0.0,0.0,0.0,0.0
853,9901,0.0,0.0,0.0,0.0
854,7134,0.0,0.0,0.0,0.0
855,1770,0.0,0.0,0.0,0.0
856,2455,0.0,0.0,0.0,0.0
857,9595,0.0,0.0,0.0,0.0
858,4366,0.0,0.0,0.0,0.0
859,5907,0.0,0.0,0.0,0.0
860,9547,0.0,0.0,0.0,0.0
861,8156,0.0,0.0,0.0,0.0
862,5362,0.0,0.0,0.0,0.0
863,1357,0.0,0.0,0.0,0.0
864,584,0.0,0.0,0.0,0.0
865,8230,0.0,0.0,0.0,0.0
866,6142,0.0,0.0,0.0,0.0
867,9367,0.0,0.0,0.0,0.0
868,762,0.0,0.0,0.0,0.0
869,4523,0.0,0.0,0.0,0.0
870,2705,0.0,0.0,0.0,0.0
871,8102,0.0,0.0,0.0,0.0
872,9384,0.0,0.0,0.0,0.0
873,3538,0.0,0.0,0.0,0.0
874,9728,0.0,0.0,0.0,0.0
875,5610,0.0,0.0,0.0,0.0
876,127,0.0,0.0,0.0,0.0
877,6137,0.0,0.0,0.0,0.0
878,9534,0.0,0.0,0.0,0.0
879,7415,0.0,0.0,0.0,0.0
880,5041,0.0,0.0,0.0,0.0
881,453,0.0,0.0,0.0,0.0
882,9452,0.0,0.0,0.0,0.0
883,7564,0.0,0.0,0.0,0.0
884,5498,0.0,0.0,0.0,0.0
885,8804,0.0,0.0,0.0,0.0
886,5513,0.0,0.0,0.0,0.0
887,6126,0.0,0.0,0.0,0.0
888,7005,0.0,0.0,0.0,0.0
889,3592,0.0,0.0,0.0,0.0
890,3742,0.0,0.0,0.0,0.0
891,9075,0.0,0.0,0.0,0.0
892,7400,0.0,0.0,0.0,0.0
893,4297,0.0,0.0,0.0,0.0
894,4116,0.0,0.0,0.0,0.0
895,4892,0.0,0.0,0.0,0.0
896,8597,0.0,0.0,0.0,0.0
897,7591,0.0,0.0,0.0,0.0
898,319,0.0,0.0,0.0,0.0
899,9768,0.0,0.0,0.0,0.0
900,1407,0.0,0.0,0.0,0.0
901,2780,0.0,0.0,0.0,0.0
902,5494,0.0,0.0,0.0,0.0
903,7000,0.0,0.0,0.0,0.0
904,5678,0.0,0.0,0.0,0.0
905,7307,0.0,0.0,0.0,0.0
906,2229,0.0,0.0,0.0,0.0
907,6426,0.0,0.0,0.0,0.0
908,9012,0.0,0.0,0.0,0.0
909,2298,0.0,0.0,0.0,0.0
910,4053,0.0,0.0,0.0,0.0
911,8574,0.0,0.0,0.0,0.0
912,1489,0.0,0.0,0.0,0.0
913,1802,0.0,0.0,0.0,0.0
914,6195,0.0,0.0,0.0,0.0
915,744,0.0,0.0,0.0,0.0
916,3853,0.0,0.0,0.0,0.0
917,3022,0.0,0.0,0.0,0.0
918,4703,0.0,0.0,0.0,0.0
919,1988,0.0,0.0,0.0,0.0
920,7320,0.0,0.0,0.0,0.0
921,6490,0.0,0.0,0.0,0.0
922,7354,0.0,0.0,0.0,0.0
923,9044,0.0,0.0,0.0,0.0
924,128,0.0,0.0,0.0,0.0
925,393,0.0,0.0,0.0,0.0
926,8249,0.0,0.0,0.0,0.0
927,1411,0.0,0.0,0.0,0.0
928,6086,0.0,0.0,0.0,0.0
929,9890,0.0,0.0,0.0,0.0
930,4381,0.0,0.0,0.0,0.0
931,8711,0.0,0.0,0.0,0.0
932,4807,0.0,0.0,0.0,0.0
933,8625,-0.029150754213333088,-0.05889260768890381,-0.06013178825378418,-0.1428571492433548
934,8480,0.0,0.0,0.0,0.0
935,3341,0.0,0.0,0.0,0.0
936,237,0.0,0.0,0.0,0.0
937,1366,0.0,0.0,0.0,0.0
938,7391,0.0,0.0,0.0,0.0
939,9715,0.0,0.0,0.0,0.0
940,3502,0.0,0.0,0.0,0.0
941,1394,0.0,0.0,0.0,0.0
942,8276,0.0,0.0,0.0,0.0
943,2808,0.0,0.0,0.0,0.0
944,485,0.0,0.0,0.0,0.0
945,5473,0.0,0.0,0.0,0.0
946,8669,0.0,0.0,0.0,0.0
947,2314,0.0,0.0,0.0,0.0
948,2379,0.0,0.0,0.0,0.0
949,9498,0.0,0.0,0.0,0.0
950,8455,0.0,0.0,0.0,0.0
951,5151,0.0,0.0,0.0,0.0
952,4744,0.0,0.0,0.0,0.0
953,201,0.0,0.0,0.0,0.0
954,8803,0.0,0.0,0.0,0.0
955,1412,0.0,0.0,0.0,0.0
956,3503,0.0,0.0,0.0,0.0
957,7896,0.0,0.0,0.0,0.0
958,6169,0.0,0.0,0.0,0.0
959,7978,0.0,0.0,0.0,0.0
960,9601,0.0,0.0,0.0,0.0
961,2531,0.0,0.0,0.0,0.0
962,9274,0.0,0.0,0.0,0.0
963,7832,0.0,0.0,0.0,0.0
964,9630,0.0,0.0,0.0,0.0
965,7268,0.0,0.0,0.0,0.0
966,4443,0.0,0.0,0.0,0.0
967,2040,0.0,0.0,0.0,0.0
968,6016,0.0,0.0,0.0,0.0
969,4844,0.0,0.0,0.0,0.0
970,6380,0.0,0.0,0.0,0.0
971,6767,0.0,0.0,0.0,0.0
972,4698,0.0,0.0,0.0,0.0
973,1459,0.0,0.0,0.0,0.0
974,421,0.0,0.0,0.0,0.0
975,2463,0.0,0.0,0.0,0.0
976,1031,0.0,0.0,0.0,0.0
977,6376,0.0,0.0,0.0,0.0
978,5804,0.0,0.0,0.0,0.0
979,2674,0.0,0.0,0.0,0.0
980,8583,0.0,0.0,0.0,0.0
981,7235,0.0,0.0,0.0,0.0
982,3309,0.0,0.0,0.0,0.0
983,3520,0.0,0.0,0.0,0.0
984,5941,0.0,0.0,0.0,0.0
985,6527,0.0,0.0,0.0,0.0
986,4822,0.0,0.0,0.0,0.0
987,5612,0.0,0.0,0.0,0.0
988,2016,0.0,0.0,0.0,0.0
989,9803,0.0,0.0,0.0,0.0
990,696,0.0,0.0,0.0,0.0
991,8758,0.0,0.0,0.0,0.0
992,3531,0.0,0.0,0.0,0.0
993,8158,0.0,0.0,0.0,0.0
994,3541,0.0,0.0,0.0,0.0
995,4589,0.0,0.0,0.0,0.0
996,6384,0.0,0.0,0.0,0.0
997,1319,0.0,0.0,0.0,0.0
998,105,0.0,0.0,0.0,0.0
999,8642,0.0,0.0,0.0,0.0
1000,9514,0.0,0.0,0.0,0.0
1001,4769,0.0,0.0,0.0,0.0
1002,1438,0.0,0.0,0.0,0.0
1003,1037,0.0,0.0,0.0,0.0
1004,3346,0.0,0.0,0.0,0.0
1005,3677,0.0,0.0,0.0,0.0
1006,8047,0.0,0.0,0.0,0.0
1007,8671,0.0,0.0,0.0,0.0
1008,7342,0.0,0.0,0.0,0.0
1009,4208,0.0,0.0,0.0,0.0
1010,4590,0.0,0.0,0.0,0.0
1011,4720,0.0,0.0,0.0,0.0
1012,7992,0.0,0.0,0.0,0.0
1013,2746,0.0,0.0,0.0,0.0
1014,3619,0.0,0.0,0.0,0.0
1015,6873,0.0,0.0,0.0,0.0
1016,8217,0.0,0.0,0.0,0.0
1017,8845,0.0,0.0,0.0,0.0
1018,9914,0.0,0.0,0.0,0.0
1019,1183,0.0,0.0,0.0,0.0
1020,7085,0.0,0.0,0.0,0.0
1021,2750,0.0,0.0,0.0,0.0
1022,907,0.0,0.0,0.0,0.0
1023,2141,0.0,0.0,0.0,0.0
1024,7310,0.0,0.0,0.0,0.0
1025,3829,-0.0077971108257770955,-0.0497159250080584,-0.0504380203783512,0.0
1026,6257,0.0,0.0,0.0,0.0
1027,4855,0.0,0.0,0.0,0.0
1028,623,0.0,0.0,0.0,0.0
1029,7944,0.0,0.0,0.0,0.0
1030,9847,0.0,0.0,0.0,0.0
1031,2708,0.0,0.0,0.0,0.0
1032,5197,0.0,0.0,0.0,0.0
1033,5942,0.0,0.0,0.0,0.0
1034,7324,0.0,0.0,0.0,0.0
1035,1338,0.0,0.0,0.0,0.0
1036,7203,0.0,0.0,0.0,0.0
1037,7839,0.0,0.0,0.0,0.0
1038,6359,0.0,0.0,0.0,0.0
1039,8719,0.0,0.0,0.0,0.0
1040,7801,0.0,0.0,0.0,0.0
1041,7317,0.0,0.0,0.0,0.0
1042,4418,0.0,0.0,0.0,0.0
1043,5725,0.0,0.0,0.0,0.0
1044,9564,0.0,0.0,0.0,0.0
1045,9739,0.0,0.0,0.0,0.0
1046,3319,0.0,0.0,0.0,0.0
1047,4414,0.0,0.0,0.0,0.0
1048,1942,0.0,0.0,0.0,0.0
1049,4311,0.0,0.0,0.0,0.0
1050,1935,0.0,0.0,0.0,0.0
1051,604,0.0,0.0,0.0,0.0
1052,629,0.0,0.0,0.0,0.0
1053,6662,0.0,0.0,0.0,0.0
1054,9705,0.0,0.0,0.0,0.0
1055,9092,0.0,0.0,0.0,0.0
1056,239,0.0,0.0,0.0,0.0
1057,2620,0.0,0.0,0.0,0.0
1058,2920,0.0,0.0,0.0,0.0
1059,8820,0.0,0.0,0.0,0.0
1060,7972,0.0,0.0,0.0,0.0
1061,5482,0.0,0.0,0.0,0.0
1062,9067,0.0,0.0,0.0,0.0
1063,7780,0.0,0.0,0.0,0.0
1064,5842,0.0,0.0,0.0,0.0
1065,7406,0.0,0.0,0.0,0.0
1066,1076,0.0,0.0,0.0,0.0
1067,979,0.0,0.0,0.0,0.0
1068,6743,0.0,0.0,0.0,0.0
1069,5261,0.0,0.0,0.0,0.0
1070,6721,0.0,0.0,0.0,0.0
1071,9583,0.0,0.0,0.0,0.0
1072,7281,0.0,0.0,0.0,0.0
1073,7447,0.0,0.0,0.0,0.0
1074,2026,0.0,0.0,0.0,0.0
1075,1276,0.0,0.0,0.0,0.0
1076,2819,0.0,0.0,0.0,0.0
1077,3050,0.0,0.0,0.0,0.0
1078,8201,0.0,0.0,0.0,0.0
1079,1839,0.0,0.0,0.0,0.0
1080,8257,0.0,0.0,0.0,0.0
1081,2656,0.0,0.0,0.0,0.0
1082,4276,0.0,0.0,0.0,0.0
1083,9355,0.0,0.0,0.0,0.0
1084,3737,0.0,0.0,0.0,0.0
1085,1705,0.0,0.0,0.0,0.0
1086,2035,0.0,0.0,0.0,0.0
1087,4819,0.0,0.0,0.0,0.0
1088,6624,0.0,0.0,0.0,0.0
1089,452,0.0,0.0,0.0,0.0
1090,5847,0.0,0.0,0.0,0.0
1091,8520,0.0,0.0,0.0,0.0
1092,8000,0.0,0.0,0.0,0.0
1093,7660,0.0,0.0,0.0,0.0
1094,1358,0.0,0.0,0.0,0.0
1095,9937,0.0,0.0,0.0,0.0
1096,5712,0.0,0.0,0.0,0.0
1097,2297,0.0,0.0,0.0,0.0
1098,4923,0.0,0.0,0.0,0.0
1099,9052,0.0,0.0,0.0,0.0
1100,6964,0.0,0.0,0.0,0.0
1101,3305,0.0,0.0,0.0,0.0
1102,9304,-0.0626198500394822,0.01909530162811282,0.019407644867897117,0.2857142686843872
1103,7806,0.0,0.0,0.0,0.0
1104,7476,0.0,0.0,0.0,0.0
1105,1709,0.0,0.0,0.0,0.0
1106,2790,0.0,0.0,0.0,0.0
1107,2398,0.0,0.0,0.0,0.0
1108,8605,0.0,0.0,0.0,0.0
1109,2149,0.1749417632818222,-0.006453827023506109,-0.006543651223182678,0.0
1110,1222,0.0,0.0,0.0,0.0
1111,6297,0.0,0.0,0.0,0.0
1112,7750,0.0,0.0,0.0,0.0
1113,1748,0.0,0.0,0.0,0.0
1114,594,0.0,0.0,0.0,0.0
1115,9535,0.0,0.0,0.0,0.0
1116,7110,0.0,0.0,0.0,0.0
1117,1868,0.0,0.0,0.0,0.0
1118,2189,0.0,0.0,0.0,0.0
1119,6292,0.0,0.0,0.0,0.0
1120,6894,0.0,0.0,0.0,0.0
1121,1961,0.0,0.0,0.0,0.0
1122,5442,0.0,0.0,0.0,0.0
1123,1245,0.0,0.0,0.0,0.0
1124,1347,0.0,0.0,0.0,0.0
1125,9513,0.0,0.0,0.0,0.0
1126,7567,0.0,0.0,0.0,0.0
1127,4780,0.0,0.0,0.0,0.0
1128,975,0.0,0.0,0.0,0.0
1129,5746,0.0,0.0,0.0,0.0
1130,6644,0.0,0.0,0.0,0.0
1131,4941,0.0,0.0,0.0,0.0
1132,5670,0.0,0.0,0.0,0.0
1133,2850,0.0,0.0,0.0,0.0
1134,7808,0.0,0.0,0.0,0.0
1135,5976,0.0,0.0,0.0,0.0
1136,2426,0.0,0.0,0.0,0.0
1137,8474,0.0,0.0,0.0,0.0
1138,624,0.0,0.0,0.0,0.0
1139,6775,0.0,0.0,0.0,0.0
1140,1731,0.0,0.0,0.0,0.0
1141,9730,0.0,0.0,0.0,0.0
1142,5661,0.0,0.0,0.0,0.0
1143,8991,0.0,0.0,0.0,0.0
1144,392,0.0,0.0,0.0,0.0
1145,6737,0.0,0.0,0.0,0.0
1146,4065,0.0,0.0,0.0,0.0
1147,6923,0.0,0.0,0.0,0.0
1148,2503,0.0,0.0,0.0,0.0
1149,6521,0.0,0.0,0.0,0.0
1150,8110,0.0,0.0,0.0,0.0
1151,3235,0.0,0.0,0.0,0.0
1152,4874,0.0,0.0,0.0,0.0
1153,6815,0.0,0.0,0.0,0.0
1154,9302,0.0,0.0,0.0,0.0
1155,4545,0.0,0.0,0.0,0.0
1156,4501,0.0,0.0,0.0,0.0
1157,3151,0.0,0.0,0.0,0.0
1158,994,0.0,0.0,0.0,0.0
1159,5088,0.0,0.0,0.0,0.0
1160,3352,0.0,0.0,0.0,0.0
1161,3665,0.0,0.0,0.0,0.0
1162,1456,0.0,0.0,0.0,0.0
1163,5556,0.0,0.0,0.0,0.0
1164,9370,0.0,0.0,0.0,0.0
1165,1296,0.0,0.0,0.0,0.0
1166,2394,0.0,0.0,0.0,0.0
1167,4564,0.0,0.0,0.0,0.0
1168,1993,0.0,0.0,0.0,0.0
1169,4620,0.0,0.0,0.0,0.0
1170,4677,0.0,0.0,0.0,0.0
1171,2510,0.0,0.0,0.0,0.0
1172,7492,0.0,0.0,0.0,0.0
1173,8952,0.0,0.0,0.0,0.0
1174,2421,0.0,0.0,0.0,0.0
1175,7874,0.0,0.0,0.0,0.0
1176,9297,1.003125071525574,0.14185833930969238,0.14382320642471313,-0.7142857313156128
1177,8362,0.0,0.0,0.0,0.0
1178,575,0.0,0.0,0.0,0.0
1179,8246,0.0,0.0,0.0,0.0
1180,7593,0.0,0.0,0.0,0.0
1181,788,0.0,0.0,0.0,0.0
1182,5233,0.0,0.0,0.0,0.0
1183,7392,0.0,0.0,0.0,0.0
1184,6200,0.0,0.0,0.0,0.0
1185,6413,0.0,0.0,0.0,0.0
1186,238,0.0,0.0,0.0,0.0
1187,8382,0.0,0.0,0.0,0.0
1188,6902,0.0,0.0,0.0,0.0
1189,7927,0.0,0.0,0.0,0.0
1190,3896,0.0,0.0,0.0,0.0
1191,5479,0.0,0.0,0.0,0.0
1192,4695,0.0,0.0,0.0,0.0
1193,5596,0.0,0.0,0.0,0.0
1194,3173,0.0,0.0,0.0,0.0
1195,4641,0.0,0.0,0.0,0.0
1196,1572,0.6259141266345978,-0.14912575483322138,-0.15120138227939608,-1.0
1197,4908,0.0,0.0,0.0,0.0
1198,6540,0.0,0.0,0.0,0.0
1199,7301,0.0,0.0,0.0,0.0
1200,7744,0.0,0.0,0.0,0.0
1201,9788,0.0,0.0,0.0,0.0
1202,6414,0.0,0.0,0.0,0.0
1203,8694,0.0,0.0,0.0,0.0
1204,7267,0.0,0.0,0.0,0.0
1205,9284,0.0,0.0,0.0,0.0
1206,6693,0.0,0.0,0.0,0.0
1207,5060,0.0,0.0,0.0,0.0
1208,6541,0.0,0.0,0.0,0.0
1209,2809,0.0,0.0,0.0,0.0
1210,9352,0.0,0.0,0.0,0.0
1211,3182,0.0,0.0,0.0,0.0
1212,4803,0.0,0.0,0.0,0.0
1213,7948,0.0,0.0,0.0,0.0
1214,2488,0.0,0.0,0.0,0.0
1215,8089,0.0,0.0,0.0,0.0
1216,9536,0.0,0.0,0.0,0.0
1217,4444,0.0,0.0,0.0,0.0
1218,7627,0.0,0.0,0.0,0.0
1219,5192,0.0,0.0,0.0,0.0
1220,8754,0.0,0.0,0.0,0.0
1221,330,0.0,0.0,0.0,0.0
1222,9444,0.0,0.0,0.0,0.0
1223,8035,0.0,0.0,0.0,0.0
1224,8111,0.0,0.0,0.0,0.0
1225,9313,0.0,0.0,0.0,0.0
1226,7207,0.0,0.0,0.0,0.0
1227,9853,0.0,0.0,0.0,0.0
1228,5835,0.0,0.0,0.0,0.0
1229,8593,0.0,0.0,0.0,0.0
1230,9505,0.0,0.0,0.0,0.0
1231,3414,0.0,0.0,0.0,0.0
1232,8937,0.0,0.0,0.0,0.0
1233,1424,0.0,0.0,0.0,0.0
1234,1431,0.0,0.0,0.0,0.0
1235,1613,0.0,0.0,0.0,0.0
1236,9742,0.0,0.0,0.0,0.0
1237,8256,0.0,0.0,0.0,0.0
1238,8678,0.0,0.0,0.0,0.0
1239,737,0.0,0.0,0.0,0.0
1240,7817,0.0,0.0,0.0,0.0
1241,9478,0.0,0.0,0.0,0.0
1242,7169,0.0,0.0,0.0,0.0
1243,3490,0.0,0.0,0.0,0.0
1244,2414,0.0,0.0,0.0,0.0
1245,886,0.0,0.0,0.0,0.0
1246,5545,0.0,0.0,0.0,0.0
1247,3770,0.0,0.0,0.0,0.0
1248,6167,0.0,0.0,0.0,0.0
1249,8357,0.0,0.0,0.0,0.0
1250,4697,0.0,0.0,0.0,0.0
1251,8488,0.0,0.0,0.0,0.0
1252,4511,0.0,0.0,0.0,0.0
1253,4716,0.0,0.0,0.0,0.0
1254,7849,0.0,0.0,0.0,0.0
1255,2752,0.0,0.0,0.0,0.0
1256,5415,0.0,0.0,0.0,0.0
1257,2317,0.0,0.0,0.0,0.0
1258,5299,0.0,0.0,0.0,0.0
1259,4640,0.0,0.0,0.0,0.0
1260,9223,0.0,0.0,0.0,0.0
1261,1403,0.0,0.0,0.0,0.0
1262,2652,0.0,0.0,0.0,0.0
1263,9125,0.0,0.0,0.0,0.0
1264,4402,0.0,0.0,0.0,0.0
1265,3442,0.0,0.0,0.0,0.0
1266,1033,0.0,0.0,0.0,0.0
1267,5226,0.0,0.0,0.0,0.0
1268,3725,0.0,0.0,0.0,0.0
1269,7644,0.0,0.0,0.0,0.0
1270,2167,0.0,0.0,0.0,0.0
1271,341,0.0,0.0,0.0,0.0
1272,9529,0.0,0.0,0.0,0.0
1273,4043,0.0,0.0,0.0,0.0
1274,1609,0.0,0.0,0.0,0.0
1275,611,0.0,0.0,0.0,0.0
1276,4127,0.0,0.0,0.0,0.0
1277,5010,0.0,0.0,0.0,0.0
1278,4330,0.0,0.0,0.0,0.0
1279,1657,0.0,0.0,0.0,0.0
1280,6659,0.0,0.0,0.0,0.0
1281,4188,0.0,0.0,0.0,0.0
1282,5589,0.0,0.0,0.0,0.0
1283,5132,0.0,0.0,0.0,0.0
1284,1318,0.0,0.0,0.0,0.0
1285,2331,0.0,0.0,0.0,0.0
1286,5745,0.0,0.0,0.0,0.0
1287,9593,0.0,0.0,0.0,0.0
1288,5174,0.0,0.0,0.0,0.0
1289,4800,0.0,0.0,0.0,0.0
1290,8481,0.0,0.0,0.0,0.0
1291,3562,0.0,0.0,0.0,0.0
1292,836,0.0,0.0,0.0,0.0
1293,615,0.0,0.0,0.0,0.0
1294,539,0.0,0.0,0.0,0.0
1295,3475,0.0,0.0,0.0,0.0
1296,1428,0.0,0.0,0.0,0.0
1297,1063,0.0,0.0,0.0,0.0
1298,6365,0.0,0.0,0.0,0.0
1299,3006,0.0,0.0,0.0,0.0
1300,4567,0.0,0.0,0.0,0.0
1301,9561,0.0,0.0,0.0,0.0
1302,9119,0.0,0.0,0.0,0.0
1303,8414,0.0,0.0,0.0,0.0
1304,1624,0.0,0.0,0.0,0.0
1305,2071,0.0,0.0,0.0,0.0
1306,5120,0.0,0.0,0.0,0.0
1307,8010,0.0,0.0,0.0,0.0
1308,3881,0.0,0.0,0.0,0.0
1309,7404,0.0,0.0,0.0,0.0
1310,856,0.0,0.0,0.0,0.0
1311,6378,0.0,0.0,0.0,0.0
1312,58,0.0,0.0,0.0,0.0
1313,1047,0.0,0.0,0.0,0.0
1314,377,0.0,0.0,0.0,0.0
1315,5105,0.0,0.0,0.0,0.0
1316,5797,0.0,0.0,0.0,0.0
1317,7969,0.0,0.0,0.0,0.0
1318,2018,0.0,0.0,0.0,0.0
1319,4428,0.0,0.0,0.0,0.0
1320,4762,0.0,0.0,0.0,0.0
1321,2254,0.0,0.0,0.0,0.0
1322,8073,0.0,0.0,0.0,0.0
1323,339,0.0,0.0,0.0,0.0
1324,9661,0.0,0.0,0.0,0.0
1325,126,0.0,0.0,0.0,0.0
1326,9154,0.0,0.0,0.0,0.0
1327,6630,0.0,0.0,0.0,0.0
1328,6577,0.0,0.0,0.0,0.0
1329,3314,0.0,0.0,0.0,0.0
1330,7676,0.0,0.0,0.0,0.0
1331,5759,0.0,0.0,0.0,0.0
1332,3649,0.0,0.0,0.0,0.0
1333,9095,0.0,0.0,0.0,0.0
1334,9345,0.0,0.0,0.0,0.0
1335,3578,0.0,0.0,0.0,0.0
1336,1712,0.0,0.0,0.0,0.0
1337,2971,0.0,0.0,0.0,0.0
1338,9041,0.0,0.0,0.0,0.0
1339,961,0.0,0.0,0.0,0.0
1340,9559,0.0,0.0,0.0,0.0
1341,2204,0.0,0.0,0.0,0.0
1342,9122,0.0,0.0,0.0,0.0
1343,3764,0.0,0.0,0.0,0.0
1344,9276,0.0,0.0,0.0,0.0
1345,5196,0.0,0.0,0.0,0.0
1346,2846,0.0,0.0,0.0,0.0
1347,6882,0.0,0.0,0.0,0.0
1348,69,0.0,0.0,0.0,0.0
1349,6165,0.0,0.0,0.0,0.0
1350,4635,0.0,0.0,0.0,0.0
1351,3579,0.0,0.0,0.0,0.0
1352,429,0.0,0.0,0.0,0.0
1353,1446,0.0,0.0,0.0,0.0
1354,226,0.0,0.0,0.0,0.0
1355,2322,0.0,0.0,0.0,0.0
1356,7510,0.0,0.0,0.0,0.0
1357,3485,0.0,0.0,0.0,0.0
1358,4030,0.0,0.0,0.0,0.0
1359,2583,0.0,0.0,0.0,0.0
1360,6293,0.0,0.0,0.0,0.0
1361,6327,0.0,0.0,0.0,0.0
1362,8569,0.0,0.0,0.0,0.0
1363,1658,0.0,0.0,0.0,0.0
1364,4944,0.0,0.0,0.0,0.0
1365,6477,0.0,0.0,0.0,0.0
1366,5634,0.0,0.0,0.0,0.0
1367,6059,0.0,0.0,0.0,0.0
1368,5266,0.0,0.0,0.0,0.0
1369,2430,0.0,0.0,0.0,0.0
1370,8762,0.0,0.0,0.0,0.0
1371,6226,0.0,0.0,0.0,0.0
1372,9277,0.0,0.0,0.0,0.0
1373,3052,0.0,0.0,0.0,0.0
1374,7444,0.0,0.0,0.0,0.0
1375,5973,0.0,0.0,0.0,0.0
1376,5650,0.0,0.0,0.0,0.0
1377,8277,0.0,0.0,0.0,0.0
1378,2325,0.0,0.0,0.0,0.0
1379,3139,0.0,0.0,0.0,0.0
1380,1452,0.0,0.0,0.0,0.0
1381,2269,0.0,0.0,0.0,0.0
1382,8947,0.0,0.0,0.0,0.0
1383,7861,0.0,0.0,0.0,0.0
1384,6986,0.0,0.0,0.0,0.0
1385,5560,0.0,0.0,0.0,0.0
1386,3768,0.0,0.0,0.0,0.0
1387,5967,0.0,0.0,0.0,0.0
1388,8839,0.0,0.0,0.0,0.0
1389,4745,0.0,0.0,0.0,0.0
1390,3583,0.0,0.0,0.0,0.0
1391,7017,0.0,0.0,0.0,0.0
1392,840,0.0,0.0,0.0,0.0
1393,7975,0.0,0.0,0.0,0.0
1394,3388,0.0,0.0,0.0,0.0
1395,8537,0.0449321269989014,0.047902107238769476,0.04891002178192139,0.699999988079071
1396,3641,0.0,0.0,0.0,0.0
1397,2925,0.0,0.0,0.0,0.0
1398,4927,0.0,0.0,0.0,0.0
1399,6546,0.0,0.0,0.0,0.0
1400,7912,0.0,0.0,0.0,0.0
1401,8802,0.0,0.0,0.0,0.0
1402,7384,0.0,0.0,0.0,0.0
1403,5870,0.0,0.0,0.0,0.0
1404,8405,0.0,0.0,0.0,0.0
1405,6861,0.0,0.0,0.0,0.0
1406,8686,0.0,0.0,0.0,0.0
1407,5827,0.0,0.0,0.0,0.0
1408,444,0.0,0.0,0.0,0.0
1409,6207,0.0,0.0,0.0,0.0
1410,4877,0.0,0.0,0.0,0.0
1411,4299,0.0,0.0,0.0,0.0
1412,2638,0.0,0.0,0.0,0.0
1413,1165,0.0,0.0,0.0,0.0
1414,2246,0.0,0.0,0.0,0.0
1415,8510,0.0,0.0,0.0,0.0
1416,6333,0.0,0.0,0.0,0.0
1417,6253,0.3589179813861847,-0.030603140592575073,-0.031033068895339966,-0.625
1418,8505,0.0,0.0,0.0,0.0
1419,9363,0.0,0.0,0.0,0.0
1420,8155,0.0,0.0,0.0,0.0
1421,346,0.0,0.0,0.0,0.0
1422,4045,0.0,0.0,0.0,0.0
1423,643,0.0,0.0,0.0,0.0
1424,1244,0.0,0.0,0.0,0.0
1425,1812,0.0,0.0,0.0,0.0
1426,2655,0.0,0.0,0.0,0.0
1427,7319,0.0,0.0,0.0,0.0
1428,4637,0.0,0.0,0.0,0.0
1429,5357,0.0,0.0,0.0,0.0
1430,8451,0.0,0.0,0.0,0.0
1431,3029,0.0,0.0,0.0,0.0
1432,7368,0.0,0.0,0.0,0.0
1433,2469,0.0,0.0,0.0,0.0
1434,8491,0.0,0.0,0.0,0.0
1435,3989,0.0,0.0,0.0,0.0
1436,9766,0.0,0.0,0.0,0.0
1437,5464,0.0,0.0,0.0,0.0
1438,5627,0.0,0.0,0.0,0.0
1439,5997,0.0,0.0,0.0,0.0
1440,3113,0.0,0.0,0.0,0.0
1441,6118,0.0,0.0,0.0,0.0
1442,4475,0.0,0.0,0.0,0.0
1443,1085,0.0,0.0,0.0,0.0
1444,1674,0.0,0.0,0.0,0.0
1445,3778,0.0,0.0,0.0,0.0
1446,4250,0.0,0.0,0.0,0.0
1447,8271,0.0,0.0,0.0,0.0
1448,1163,0.0,0.0,0.0,0.0
1449,3237,0.0,0.0,0.0,0.0
1450,7645,0.0,0.0,0.0,0.0
1451,5922,0.0,0.0,0.0,0.0
1452,4289,0.0,0.0,0.0,0.0
1453,1351,0.0,0.0,0.0,0.0
1454,8786,0.0,0.0,0.0,0.0
1455,986,0.0,0.0,0.0,0.0
1456,784,0.0,0.0,0.0,0.0
1457,8458,0.0,0.0,0.0,0.0
1458,4118,0.0,0.0,0.0,0.0
1459,2475,0.0,0.0,0.0,0.0
1460,1629,0.0,0.0,0.0,0.0
1461,6340,0.0,0.0,0.0,0.0
1462,2860,0.0,0.0,0.0,0.0
1463,2694,0.0,0.0,0.0,0.0
1464,4465,0.0,0.0,0.0,0.0
1465,196,0.0,0.0,0.0,0.0
1466,9294,0.0,0.0,0.0,0.0
1467,749,0.0,0.0,0.0,0.0
1468,3482,0.0,0.0,0.0,0.0
1469,2409,0.0,0.0,0.0,0.0
1470,327,0.0,0.0,0.0,0.0
1471,666,0.0,0.0,0.0,0.0
1472,9084,0.0,0.0,0.0,0.0
1473,5295,0.0,0.0,0.0,0.0
1474,3153,0.0,0.0,0.0,0.0
1475,3981,0.0,0.0,0.0,0.0
1476,139,0.0,0.0,0.0,0.0
1477,7232,0.0,0.0,0.0,0.0
1478,8963,0.0,0.0,0.0,0.0
1479,866,0.0,0.0,0.0,0.0
1480,6563,0.0,0.0,0.0,0.0
1481,7364,0.0,0.0,0.0,0.0
1482,1511,0.0,0.0,0.0,0.0
1483,8996,0.0,0.0,0.0,0.0
1484,3591,0.0,0.0,0.0,0.0
1485,5808,0.0,0.0,0.0,0.0
1486,6403,0.0,0.0,0.0,0.0
1487,5152,0.0,0.0,0.0,0.0
1488,2596,0.0,0.0,0.0,0.0
1489,8941,0.0,0.0,0.0,0.0
1490,4559,0.0,0.0,0.0,0.0
1491,9951,0.0,0.0,0.0,0.0
1492,9222,0.0,0.0,0.0,0.0
1493,7253,0.0,0.0,0.0,0.0
1494,9229,0.0,0.0,0.0,0.0
1495,59,0.0,0.0,0.0,0.0
1496,3070,0.0,0.0,0.0,0.0
1497,2397,0.0,0.0,0.0,0.0
1498,2821,0.0,0.0,0.0,0.0
1499,1474,0.0,0.0,0.0,0.0
1500,5708,0.0,0.0,0.0,0.0
1501,8303,0.0,0.0,0.0,0.0
1502,5184,0.0,0.0,0.0,0.0
1503,2686,0.0,0.0,0.0,0.0
1504,8551,0.0,0.0,0.0,0.0
1505,527,0.0,0.0,0.0,0.0
1506,2008,0.0,0.0,0.0,0.0
1507,4870,0.0,0.0,0.0,0.0
1508,4642,0.0,0.0,0.0,0.0
1509,8812,0.0,0.0,0.0,0.0
1510,4835,0.0,0.0,0.0,0.0
1511,4213,0.0,0.0,0.0,0.0
1512,6823,0.0,0.0,0.0,0.0
1513,2950,0.0,0.0,0.0,0.0
1514,5323,0.0,0.0,0.0,0.0
1515,6663,0.0,0.0,0.0,0.0
1516,1866,0.0,0.0,0.0,0.0
1517,1035,0.0,0.0,0.0,0.0
1518,6493,0.0,0.0,0.0,0.0
1519,458,0.0,0.0,0.0,0.0
1520,9149,0.0,0.0,0.0,0.0
1521,6368,0.0,0.0,0.0,0.0
1522,6373,0.0,0.0,0.0,0.0
1523,9111,0.0,0.0,0.0,0.0
1524,1392,0.0,0.0,0.0,0.0
1525,930,0.0,0.0,0.0,0.0
1526,7616,0.0,0.0,0.0,0.0
1527,9846,0.0,0.0,0.0,0.0
1528,9665,0.0,0.0,0.0,0.0
1529,3787,0.0,0.0,0.0,0.0
1530,6780,0.0,0.0,0.0,0.0
1531,7355,0.0,0.0,0.0,0.0
1532,8182,0.0,0.0,0.0,0.0
1533,1329,0.0,0.0,0.0,0.0
1534,6592,0.0,0.0,0.0,0.0
1535,8210,0.0,0.0,0.0,0.0
1536,265,0.0,0.0,0.0,0.0
1537,9633,0.0,0.0,0.0,0.0
1538,6544,0.0,0.0,0.0,0.0
1539,9145,0.0,0.0,0.0,0.0
1540,7306,0.0,0.0,0.0,0.0
1541,3680,0.0,0.0,0.0,0.0
1542,1023,0.0,0.0,0.0,0.0
1543,7345,0.0,0.0,0.0,0.0
1544,6646,0.0,0.0,0.0,0.0
1545,2711,0.0,0.0,0.0,0.0
1546,9750,0.0,0.0,0.0,0.0
1547,3929,0.0,0.0,0.0,0.0
1548,8354,0.0,0.0,0.0,0.0
1549,348,0.0,0.0,0.0,0.0
1550,5166,0.0,0.0,0.0,0.0
1551,8829,0.0,0.0,0.0,0.0
1552,6122,0.0,0.0,0.0,0.0
1553,6076,0.0,0.0,0.0,0.0
1554,3486,0.0,0.0,0.0,0.0
1555,8899,0.0,0.0,0.0,0.0
1556,4198,0.0,0.0,0.0,0.0
1557,8018,0.0,0.0,0.0,0.0
1558,8821,0.0,0.0,0.0,0.0
1559,5935,0.0,0.0,0.0,0.0
1560,4064,0.0,0.0,0.0,0.0
1561,6024,0.0,0.0,0.0,0.0
1562,3115,0.0,0.0,0.0,0.0
1563,2832,0.0,0.0,0.0,0.0
1564,7860,0.0,0.0,0.0,0.0
1565,5252,0.0,0.0,0.0,0.0
1566,6598,0.0,0.0,0.0,0.0
1567,3595,0.0,0.0,0.0,0.0
1568,6792,0.0,0.0,0.0,0.0
1569,3020,0.0,0.0,0.0,0.0
1570,455,0.0,0.0,0.0,0.0
1571,2700,0.0,0.0,0.0,0.0
1572,1923,0.0,0.0,0.0,0.0
1573,4004,0.0,0.0,0.0,0.0
1574,602,0.0,0.0,0.0,0.0
1575,293,0.0,0.0,0.0,0.0
1576,6048,0.0,0.0,0.0,0.0
1577,1652,0.0,0.0,0.0,0.0
1578,6764,0.0,0.0,0.0,0.0
1579,1006,0.0,0.0,0.0,0.0
1580,1391,0.0,0.0,0.0,0.0
1581,6676,0.0,0.0,0.0,0.0
1582,1336,0.0,0.0,0.0,0.0
1583,3631,-0.3170211017131805,-0.3475395143032074,-0.352376788854599,0.0
1584,3880,0.0,0.0,0.0,0.0
1585,7695,0.0,0.0,0.0,0.0
1586,5044,0.0,0.0,0.0,0.0
1587,3448,0.0,0.0,0.0,0.0
1588,5411,0.0,0.0,0.0,0.0
1589,356,0.0,0.0,0.0,0.0
1590,8406,0.0,0.0,0.0,0.0
1591,8233,0.0,0.0,0.0,0.0
1592,7293,0.0,0.0,0.0,0.0
1593,8071,0.0,0.0,0.0,0.0
1594,4989,0.0,0.0,0.0,0.0
1595,4040,0.0,0.0,0.0,0.0
1596,5823,0.0,0.0,0.0,0.0
1597,3943,0.0,0.0,0.0,0.0
1598,5778,0.0,0.0,0.0,0.0
1599,7349,0.0,0.0,0.0,0.0
1600,5342,0.0,0.0,0.0,0.0
1601,3297,0.0,0.0,0.0,0.0
1602,8594,0.0,0.0,0.0,0.0
1603,6360,0.0,0.0,0.0,0.0
1604,7577,0.0,0.0,0.0,0.0
1605,7636,0.0,0.0,0.0,0.0
1606,1957,0.0,0.0,0.0,0.0
1607,7053,0.0,0.0,0.0,0.0
1608,7858,0.0,0.0,0.0,0.0
1609,1884,0.0,0.0,0.0,0.0
1610,9261,0.0,0.0,0.0,0.0
1611,6364,0.0,0.0,0.0,0.0
1612,7797,0.0,0.0,0.0,0.0
1613,2921,0.0,0.0,0.0,0.0
1614,6863,0.0,0.0,0.0,0.0
1615,8195,0.0,0.0,0.0,0.0
1616,6757,0.0,0.0,0.0,0.0
1617,9130,0.0,0.0,0.0,0.0
1618,1889,0.0,0.0,0.0,0.0
1619,297,0.0,0.0,0.0,0.0
1620,3340,0.0,0.0,0.0,0.0
1621,3197,0.0,0.0,0.0,0.0
1622,2360,0.0,0.0,0.0,0.0
1623,2724,0.3080921471118927,0.16012591123580933,0.1623438000679016,0.6071428656578064
1624,9436,0.0,0.0,0.0,0.0
1625,9931,0.0,0.0,0.0,0.0
1626,5347,0.0,0.0,0.0,0.0
1627,3858,0.0,0.0,0.0,0.0
1628,9090,0.0,0.0,0.0,0.0
1629,4126,0.0,0.0,0.0,0.0
1630,9680,0.0,0.0,0.0,0.0
1631,2041,0.0,0.0,0.0,0.0
1632,9812,0.0,0.0,0.0,0.0
1633,3776,0.0,0.0,0.0,0.0
1634,3906,0.0,0.0,0.0,0.0
1635,1762,0.0,0.0,0.0,0.0
1636,7690,0.0,0.0,0.0,0.0
1637,2887,0.0,0.0,0.0,0.0
1638,5381,0.0,0.0,0.0,0.0
1639,124,0.0,0.0,0.0,0.0
1640,5187,0.0,0.0,0.0,0.0
1641,6580,0.0,0.0,0.0,0.0
1642,3534,0.0,0.0,0.0,0.0
1643,8131,0.0,0.0,0.0,0.0
1644,4363,0.0,0.0,0.0,0.0
1645,4547,0.0,0.0,0.0,0.0
1646,8094,0.0,0.0,0.0,0.0
1647,7726,0.0,0.0,0.0,0.0
1648,3245,0.0,0.0,0.0,0.0
1649,7648,0.0,0.0,0.0,0.0
1650,5163,0.0,0.0,0.0,0.0
1651,7057,0.0,0.0,0.0,0.0
1652,3951,0.0,0.0,0.0,0.0
1653,7708,0.0,0.0,0.0,0.0
1654,2536,0.0,0.0,0.0,0.0
1655,7658,0.0,0.0,0.0,0.0
1656,1447,0.0,0.0,0.0,0.0
1657,6,0.0,0.0,0.0,0.0
1658,6793,0.0,0.0,0.0,0.0
1659,84,0.0,0.0,0.0,0.0
1660,7583,0.0,0.0,0.0,0.0
1661,8887,0.0,0.0,0.0,0.0
1662,7942,0.0,0.0,0.0,0.0
1663,1320,0.0,0.0,0.0,0.0
1664,9482,0.0,0.0,0.0,0.0
1665,1081,0.0,0.0,0.0,0.0
1666,5447,0.0,0.0,0.0,0.0
1667,3707,0.0,0.0,0.0,0.0
1668,4813,0.0,0.0,0.0,0.0
1669,9554,0.0,0.0,0.0,0.0
1670,2185,0.0,0.0,0.0,0.0
1671,240,0.0,0.0,0.0,0.0
1672,7701,0.0,0.0,0.0,0.0
1673,2230,0.0,0.0,0.0,0.0
1674,4128,0.0,0.0,0.0,0.0
1675,1519,0.0,0.0,0.0,0.0
1676,4001,0.0,0.0,0.0,0.0
1677,9493,0.0,0.0,0.0,0.0
1678,6115,0.0,0.0,0.0,0.0
1679,5666,0.0,0.0,0.0,0.0
1680,5409,0.0,0.0,0.0,0.0
1681,1776,0.0,0.0,0.0,0.0
1682,7609,0.0,0.0,0.0,0.0
1683,7496,0.03901252150535581,-0.017351970076560905,-0.017647333443164798,0.0
1684,230,0.0,0.0,0.0,0.0
1685,617,0.0,0.0,0.0,0.0
1686,6975,0.0,0.0,0.0,0.0
1687,5133,0.0,0.0,0.0,0.0
1688,7157,0.0,0.0,0.0,0.0
1689,5098,0.0,0.0,0.0,0.0
1690,4560,0.0,0.0,0.0,0.0
1691,5069,0.0,0.0,0.0,0.0
1692,7714,0.0,0.0,0.0,0.0
1693,1692,0.0,0.0,0.0,0.0
1694,891,0.0,0.0,0.0,0.0
1695,2177,0.0,0.0,0.0,0.0
1696,1220,0.0,0.0,0.0,0.0
1697,2865,0.0,0.0,0.0,0.0
1698,3600,0.0,0.0,0.0,0.0
1699,9423,0.0,0.0,0.0,0.0
1700,3196,0.0,0.0,0.0,0.0
1701,7985,0.0,0.0,0.0,0.0
1702,9786,0.0,0.0,0.0,0.0
1703,4505,0.0,0.0,0.0,0.0
1704,8623,0.0,0.0,0.0,0.0
1705,8120,0.0,0.0,0.0,0.0
1706,3505,0.0,0.0,0.0,0.0
1707,4099,0.0,0.0,0.0,0.0
1708,9322,0.0,0.0,0.0,0.0
1709,231,0.0,0.0,0.0,0.0
1710,8050,0.0,0.0,0.0,0.0
1711,8309,0.0,0.0,0.0,0.0
1712,6143,0.0,0.0,0.0,0.0
1713,8599,0.06160691380500789,0.14077690243721003,0.1427546739578247,-1.0
1714,9582,0.0,0.0,0.0,0.0
1715,8902,0.0,0.0,0.0,0.0
1716,9548,0.0,0.0,0.0,0.0
1717,6040,0.0,0.0,0.0,0.0
1718,6623,0.0,0.0,0.0,0.0
1719,8705,0.0,0.0,0.0,0.0
1720,7112,0.0,0.0,0.0,0.0
1721,9074,0.0,0.0,0.0,0.0
1722,9441,0.0,0.0,0.0,0.0
1723,938,0.0,0.0,0.0,0.0
1724,1173,0.0,0.0,0.0,0.0
1725,8778,0.0,0.0,0.0,0.0
1726,4214,0.0,0.0,0.0,0.0
1727,9258,0.0,0.0,0.0,0.0
1728,2862,0.0,0.0,0.0,0.0
1729,3543,0.0,0.0,0.0,0.0
1730,3101,0.0,0.0,0.0,0.0
1731,7485,0.0,0.0,0.0,0.0
1732,3483,0.0,0.0,0.0,0.0
1733,248,0.0,0.0,0.0,0.0
1734,1138,0.0,0.0,0.0,0.0
1735,2341,0.0,0.0,0.0,0.0
1736,3345,0.0,0.0,0.0,0.0
1737,22,0.0,0.0,0.0,0.0
1738,1819,0.0,0.0,0.0,0.0
1739,4893,0.0,0.0,0.0,0.0
1740,410,0.0,0.0,0.0,0.0
1741,7237,0.0,0.0,0.0,0.0
1742,9077,0.0,0.0,0.0,0.0
1743,5040,0.0,0.0,0.0,0.0
1744,5049,0.0,0.0,0.0,0.0
1745,8490,0.0,0.0,0.0,0.0
1746,4810,0.0,0.0,0.0,0.0
1747,9109,0.0,0.0,0.0,0.0
1748,1382,0.0,0.0,0.0,0.0
1749,6213,0.0,0.0,0.0,0.0
1750,6586,0.0,0.0,0.0,0.0
1751,1141,0.0,0.0,0.0,0.0
1752,5753,0.0,0.0,0.0,0.0
1753,6920,0.0,0.0,0.0,0.0
1754,5012,0.0,0.0,0.0,0.0
1755,5798,0.0,0.0,0.0,0.0
1756,2663,0.0,0.0,0.0,0.0
1757,2105,0.0,0.0,0.0,0.0
1758,2610,0.0,0.0,0.0,0.0
1759,1742,0.0,0.0,0.0,0.0
1760,6332,0.0,0.0,0.0,0.0
1761,6303,0.0,0.0,0.0,0.0
1762,6613,0.0,0.0,0.0,0.0
1763,7983,0.0,0.0,0.0,0.0
1764,7186,0.0,0.0,0.0,0.0
1765,6266,0.0,0.0,0.0,0.0
1766,7452,0.0,0.0,0.0,0.0
1767,8828,0.0,0.0,0.0,0.0
1768,2227,0.0,0.0,0.0,0.0
1769,6937,0.0,0.0,0.0,0.0
1770,9569,0.0,0.0,0.0,0.0
1771,5484,0.0,0.0,0.0,0.0
1772,4395,0.0,0.0,0.0,0.0
1773,5474,0.0,0.0,0.0,0.0
1774,188,0.0,0.0,0.0,0.0
1775,595,0.0,0.0,0.0,0.0
1776,3558,0.0,0.0,0.0,0.0
1777,4917,0.0,0.0,0.0,0.0
1778,3473,0.0,0.0,0.0,0.0
1779,9165,0.0,0.0,0.0,0.0
1780,9815,0.0,0.0,0.0,0.0
1781,8383,0.0,0.0,0.0,0.0
1782,3187,0.0,0.0,0.0,0.0
1783,3081,0.0,0.0,0.0,0.0
1784,8626,0.0,0.0,0.0,0.0
1785,4301,0.0,0.0,0.0,0.0
1786,1261,0.0,0.0,0.0,0.0
1787,9779,0.0,0.0,0.0,0.0
1788,1831,0.0,0.0,0.0,0.0
1789,342,0.0,0.0,0.0,0.0
1790,1496,0.0,0.0,0.0,0.0
1791,894,0.0,0.0,0.0,0.0
1792,9317,0.0,0.0,0.0,0.0
1793,2753,0.0,0.0,0.0,0.0
1794,2050,0.0,0.0,0.0,0.0
1795,1301,0.0,0.0,0.0,0.0
1796,1040,0.0,0.0,0.0,0.0
1797,5103,0.0,0.0,0.0,0.0
1798,490,0.0,0.0,0.0,0.0
1799,8288,0.0,0.0,0.0,0.0
1800,4252,0.0,0.0,0.0,0.0
1801,5622,0.0,0.0,0.0,0.0
1802,55,0.0,0.0,0.0,0.0
1803,4599,0.0,0.0,0.0,0.0
1804,9704,0.0,0.0,0.0,0.0
1805,3198,0.0,0.0,0.0,0.0
1806,4538,0.0,0.0,0.0,0.0
1807,6248,0.0,0.0,0.0,0.0
1808,5890,0.0,0.0,0.0,0.0
1809,2074,0.0,0.0,0.0,0.0
1810,7405,0.0,0.0,0.0,0.0
1811,1253,0.0,0.0,0.0,0.0
1812,8471,0.0,0.0,0.0,0.0
1813,2999,0.0,0.0,0.0,0.0
1814,7811,0.0,0.0,0.0,0.0
1815,1282,0.0,0.0,0.0,0.0
1816,3833,0.0,0.0,0.0,0.0
1817,5139,0.0,0.0,0.0,0.0
1818,3761,0.0,0.0,0.0,0.0
1819,8153,0.0,0.0,0.0,0.0
1820,1179,0.0,0.0,0.0,0.0
1821,6705,0.0,0.0,0.0,0.0
1822,366,0.0,0.0,0.0,0.0
1823,4266,0.0,0.0,0.0,0.0
1824,2087,0.0,0.0,0.0,0.0
1825,5141,0.0,0.0,0.0,0.0
1826,7220,0.0,0.0,0.0,0.0
1827,8363,0.0,0.0,0.0,0.0
1828,1021,0.0,0.0,0.0,0.0
1829,7508,0.0,0.0,0.0,0.0
1830,4132,0.0,0.0,0.0,0.0
1831,5308,0.0,0.0,0.0,0.0
1832,8237,0.0,0.0,0.0,0.0
1833,157,0.0,0.0,0.0,0.0
1834,6594,0.0,0.0,0.0,0.0
1835,7124,0.0,0.0,0.0,0.0
1836,7895,0.0,0.0,0.0,0.0
1837,547,0.0,0.0,0.0,0.0
1838,8052,0.0,0.0,0.0,0.0
1839,7494,0.0,0.0,0.0,0.0
1840,97,0.0,0.0,0.0,0.0
1841,5313,0.0,0.0,0.0,0.0
1842,2110,0.0,0.0,0.0,0.0
1843,4308,0.0,0.0,0.0,0.0
1844,3206,0.0,0.0,0.0,0.0
1845,1067,0.0,0.0,0.0,0.0
1846,7118,0.0,0.0,0.0,0.0
1847,7554,0.0,0.0,0.0,0.0
1848,358,0.0,0.0,0.0,0.0
1849,783,0.0,0.0,0.0,0.0
1850,3650,0.0,0.0,0.0,0.0
1851,8918,0.0,0.0,0.0,0.0
1852,506,0.0,0.0,0.0,0.0
1853,1026,0.0,0.0,0.0,0.0
1854,9164,0.0,0.0,0.0,0.0
1855,586,0.0,0.0,0.0,0.0
1856,3676,0.0,0.0,0.0,0.0
1857,916,0.0,0.0,0.0,0.0
1858,9628,0.0,0.0,0.0,0.0
1859,6013,0.0,0.0,0.0,0.0
1860,9225,0.0,0.0,0.0,0.0
1861,4899,0.0,0.0,0.0,0.0
1862,6508,0.0,0.0,0.0,0.0
1863,2701,0.0,0.0,0.0,0.0
1864,9903,0.0,0.0,0.0,0.0
1865,9047,0.0,0.0,0.0,0.0
1866,1569,0.0,0.0,0.0,0.0
1867,8540,0.0,0.0,0.0,0.0
1868,2383,0.0,0.0,0.0,0.0
1869,7761,0.0,0.0,0.0,0.0
1870,984,0.0,0.0,0.0,0.0
1871,638,0.0,0.0,0.0,0.0
1872,1189,0.0,0.0,0.0,0.0
1873,8324,0.0,0.0,0.0,0.0
1874,449,0.0,0.0,0.0,0.0
1875,7240,0.0,0.0,0.0,0.0
1876,8259,0.0,0.0,0.0,0.0
1877,8003,0.0,0.0,0.0,0.0
1878,8081,0.0,0.0,0.0,0.0
1879,8901,0.27638840675354004,-0.2150089591741562,-0.2186688333749771,-0.3333333432674408
1880,1417,0.0,0.0,0.0,0.0
1881,7951,0.0,0.0,0.0,0.0
1882,7173,0.0,0.0,0.0,0.0
1883,1177,0.0,0.0,0.0,0.0
1884,2446,0.0,0.0,0.0,0.0
1885,2060,0.0,0.0,0.0,0.0
1886,3769,0.0,0.0,0.0,0.0
1887,2739,0.0,0.0,0.0,0.0
1888,3385,0.0,0.0,0.0,0.0
1889,9626,0.0,0.0,0.0,0.0
1890,7401,0.0,0.0,0.0,0.0
1891,715,0.0,0.0,0.0,0.0
1892,5775,0.0,0.0,0.0,0.0
1893,6192,0.0,0.0,0.0,0.0
1894,413,0.0,0.0,0.0,0.0
1895,1096,0.0,0.0,0.0,0.0
1896,369,0.0,0.0,0.0,0.0
1897,8367,0.0,0.0,0.0,0.0
1898,5237,0.0,0.0,0.0,0.0
1899,5082,0.0,0.0,0.0,0.0
1900,8560,0.0,0.0,0.0,0.0
1901,5717,0.0,0.0,0.0,0.0
1902,5031,0.0,0.0,0.0,0.0
1903,3557,0.0,0.0,0.0,0.0
1904,6688,0.0,0.0,0.0,0.0
1905,8287,0.0,0.0,0.0,0.0
1906,6921,0.0,0.0,0.0,0.0
1907,8964,0.0,0.0,0.0,0.0
1908,4864,0.0,0.0,0.0,0.0
1909,8765,0.0,0.0,0.0,0.0
1910,6830,0.0,0.0,0.0,0.0
1911,4918,0.0,0.0,0.0,0.0
1912,7428,0.0,0.0,0.0,0.0
1913,3179,0.0,0.0,0.0,0.0
1914,9139,0.0,0.0,0.0,0.0
1915,3302,0.0,0.0,0.0,0.0
1916,2428,0.0,0.0,0.0,0.0
1917,4469,0.0,0.0,0.0,0.0
1918,5750,0.0,0.0,0.0,0.0
1919,6157,0.0,0.0,0.0,0.0
1920,2993,0.0,0.0,0.0,0.0
1921,6446,0.0,0.0,0.0,0.0
1922,3515,0.0,0.0,0.0,0.0
1923,4668,0.0,0.0,0.0,0.0
1924,4486,0.0,0.0,0.0,0.0
1925,4344,0.0,0.0,0.0,0.0
1926,8721,0.0,0.0,0.0,0.0
1927,5766,0.0,0.0,0.0,0.0
1928,5182,0.0,0.0,0.0,0.0
1929,644,0.0,0.0,0.0,0.0
1930,3459,0.0,0.0,0.0,0.0
1931,6199,0.0,0.0,0.0,0.0
1932,7770,0.0,0.0,0.0,0.0
1933,386,0.0,0.0,0.0,0.0
1934,8906,0.0,0.0,0.0,0.0
1935,8278,0.0,0.0,0.0,0.0
1936,5301,0.0,0.0,0.0,0.0
1937,9369,0.0,0.0,0.0,0.0
1938,655,0.0,0.0,0.0,0.0
1939,910,0.0,0.0,0.0,0.0
1940,8124,0.0,0.0,0.0,0.0
1941,8682,0.0,0.0,0.0,0.0
1942,953,0.0,0.0,0.0,0.0
